{
  "panel_regression": {
    "n_obs": 47890,
    "n_firms": 4945,
    "n_years": 20,
    "r2_within": 0.0016,
    "coefficients": {
      "(intercept)": {
        "coef": 0.0,
        "se": 0.001248,
        "t": 0.0,
        "p": 1.0
      },
      "any_exposed": {
        "coef": 0.007316,
        "se": 0.007868,
        "t": 0.93,
        "p": 0.352452
      },
      "n_exposed_edges": {
        "coef": 0.003313,
        "se": 0.000861,
        "t": 3.849,
        "p": 0.000119
      },
      "exposure_ratio": {
        "coef": -0.014549,
        "se": 0.00861,
        "t": -1.69,
        "p": 0.091088
      },
      "degree": {
        "coef": -0.001028,
        "se": 0.000314,
        "t": -3.271,
        "p": 0.001073
      },
      "betweenness": {
        "coef": 5.463482,
        "se": 1.465844,
        "t": 3.727,
        "p": 0.000194
      },
      "size": {
        "coef": 0.007908,
        "se": 0.002137,
        "t": 3.701,
        "p": 0.000215
      },
      "leverage": {
        "coef": -0.000864,
        "se": 0.000284,
        "t": -3.037,
        "p": 0.002392
      },
      "roa": {
        "coef": -0.001002,
        "se": 0.000547,
        "t": -1.834,
        "p": 0.066628
      }
    }
  },
  "matched_counterfactual": {
    "n_pairs": 21193,
    "treated_rate": 0.0912,
    "control_rate": 0.0803,
    "ATT": 0.0109,
    "mcnemar_chi2": 16.505,
    "mcnemar_p": 4.9e-05,
    "z_stat": 4.008,
    "p_z": 6.1e-05
  }
}